,0,1,2,3,4,5,6,7,8,9,10,11,12,13,14,15,16,17,18,19,20,21,22,23,24,25,26,27,28,29,30,31,32,33,34,35,36,37,38,39,40,41,42,43,44,45,46,47,48,49,50,51,52,53,54,55,56,57,58,59,60,61
AG00,Frank D. Lucas,Bob Goodlatte,Steve King,Randy Neugebauer,Mike Rogers,K. Michael Conaway,Glenn Thompson,Bob Gibbs,Austin Scott,Scott R. Tipton,"Eric A. ""Rick"" Crawford",Scott DesJarlais,Christopher P. Gibson,Vicky Hartzler,Reid J. Ribble,Kristi L. Noem,Dan Benishek,Jeff Denham,Stephen Lee Fincher,Doug LaMalfa,Richard Hudson,Rodney Davis,Chris Collins,Ted S. Yoho,Vance M. McAllister,Collin C. Peterson,Mike McIntyre,David Scott,Jim Costa,Timothy J. Walz,Kurt Schrader,Marcia L. Fudge,James P. McGovern,Suzan K. DelBene,Gloria Negrete McLeod,Filemon Vela,Michelle Lujan Grisham,Ann M. Kuster,Richard M. Nolan,Pete P. Gallego,William L. Enyart,Juan Vargas,Cheri Bustos,Sean Patrick Maloney,Joe Courtney,John Garamendi,,,,,,,,,,,,,,,,
AG22,Steve King,Bob Goodlatte,Bob Gibbs,Austin Scott,Stephen Lee Fincher,Vance M. McAllister,Marcia L. Fudge,James P. McGovern,Michelle Lujan Grisham,Gloria Negrete McLeod,,,,,,,,,,,,,,,,,,,,,,,,,,,,,,,,,,,,,,,,,,,,,,,,,,,,
AG15,Glenn Thompson,Mike Rogers,Bob Gibbs,Scott R. Tipton,"Eric A. ""Rick"" Crawford",Reid J. Ribble,Kristi L. Noem,Dan Benishek,Vance M. McAllister,Timothy J. Walz,Gloria Negrete McLeod,Ann M. Kuster,Richard M. Nolan,Mike McIntyre,Kurt Schrader,Suzan K. DelBene,,,,,,,,,,,,,,,,,,,,,,,,,,,,,,,,,,,,,,,,,,,,,,
AG16,K. Michael Conaway,Randy Neugebauer,Mike Rogers,Bob Gibbs,Austin Scott,"Eric A. ""Rick"" Crawford",Christopher P. Gibson,Vicky Hartzler,Kristi L. Noem,Dan Benishek,Doug LaMalfa,Richard Hudson,Rodney Davis,Chris Collins,Vance M. McAllister,David Scott,Filemon Vela,Pete P. Gallego,William L. Enyart,Juan Vargas,Cheri Bustos,Sean Patrick Maloney,Timothy J. Walz,Gloria Negrete McLeod,Jim Costa,John Garamendi,,,,,,,,,,,,,,,,,,,,,,,,,,,,,,,,,,,,
AG29,"Eric A. ""Rick"" Crawford",Bob Goodlatte,Steve King,Randy Neugebauer,Mike Rogers,K. Michael Conaway,Glenn Thompson,Scott DesJarlais,Christopher P. Gibson,Reid J. Ribble,Jeff Denham,Richard Hudson,Ted S. Yoho,Jim Costa,Mike McIntyre,David Scott,Filemon Vela,Michelle Lujan Grisham,Pete P. Gallego,William L. Enyart,Cheri Bustos,Kurt Schrader,Richard M. Nolan,Joe Courtney,,,,,,,,,,,,,,,,,,,,,,,,,,,,,,,,,,,,,,
AG14,Austin Scott,Vicky Hartzler,Jeff Denham,Stephen Lee Fincher,Doug LaMalfa,Rodney Davis,Chris Collins,Ted S. Yoho,Kurt Schrader,Suzan K. DelBene,Jim Costa,Marcia L. Fudge,Ann M. Kuster,Juan Vargas,Sean Patrick Maloney,,,,,,,,,,,,,,,,,,,,,,,,,,,,,,,,,,,,,,,,,,,,,,,
AP00,Harold Rogers,Frank R. Wolf,Jack Kingston,Rodney P. Frelinghuysen,Tom Latham,Robert B. Aderholt,Kay Granger,Michael K. Simpson,John Abney Culberson,Ander Crenshaw,John R. Carter,Ken Calvert,Tom Cole,Mario Diaz-Balart,Charles W. Dent,Tom Graves,Kevin Yoder,Steve Womack,Alan Nunnelee,Jeff Fortenberry,Thomas J. Rooney,"Charles J. ""Chuck"" Fleischmann",Jaime Herrera Beutler,David P. Joyce,David G. Valadao,Andy Harris,Martha Roby,Mark E. Amodei,Chris Stewart,Nita M. Lowey,Marcy Kaptur,Peter J. Visclosky,Jose E. Serrano,Rosa L. DeLauro,James P. Moran,Ed Pastor,David E. Price,Lucille Roybal-Allard,Sam Farr,Chaka Fattah,"Sanford D. Bishop,  Jr.",Barbara Lee,Adam B. Schiff,Michael M. Honda,Betty McCollum,Tim Ryan,Debbie Wasserman Schultz,Henry Cuellar,Chellie Pingree,Mike Quigley,William L. Owens,,,,,,,,,,,
AP01,Robert B. Aderholt,Tom Latham,Alan Nunnelee,Kevin Yoder,Jeff Fortenberry,Thomas J. Rooney,David G. Valadao,Sam Farr,Rosa L. DeLauro,"Sanford D. Bishop,  Jr.",Chellie Pingree,,,,,,,,,,,,,,,,,,,,,,,,,,,,,,,,,,,,,,,,,,,,,,,,,,,
AP19,Frank R. Wolf,John Abney Culberson,Robert B. Aderholt,Andy Harris,John R. Carter,Mario Diaz-Balart,Mark E. Amodei,Chaka Fattah,Adam B. Schiff,Michael M. Honda,Jose E. Serrano,,,,,,,,,,,,,,,,,,,,,,,,,,,,,,,,,,,,,,,,,,,,,,,,,,,
AP02,Rodney P. Frelinghuysen,Jack Kingston,Kay Granger,Ander Crenshaw,Ken Calvert,Tom Cole,Steve Womack,Robert B. Aderholt,John R. Carter,Peter J. Visclosky,James P. Moran,Betty McCollum,Tim Ryan,William L. Owens,Marcy Kaptur,,,,,,,,,,,,,,,,,,,,,,,,,,,,,,,,,,,,,,,,,,,,,,,
AP10,Michael K. Simpson,Rodney P. Frelinghuysen,Alan Nunnelee,Ken Calvert,"Charles J. ""Chuck"" Fleischmann",Tom Graves,Jeff Fortenberry,Marcy Kaptur,Peter J. Visclosky,Ed Pastor,Chaka Fattah,,,,,,,,,,,,,,,,,,,,,,,,,,,,,,,,,,,,,,,,,,,,,,,,,,,
AP23,Ander Crenshaw,Mario Diaz-Balart,Tom Graves,Kevin Yoder,Steve Womack,Jaime Herrera Beutler,Mark E. Amodei,Jose E. Serrano,Mike Quigley,Marcy Kaptur,Ed Pastor,,,,,,,,,,,,,,,,,,,,,,,,,,,,,,,,,,,,,,,,,,,,,,,,,,,
AP15,John R. Carter,John Abney Culberson,Rodney P. Frelinghuysen,Tom Latham,Charles W. Dent,"Charles J. ""Chuck"" Fleischmann",Jack Kingston,David E. Price,Lucille Roybal-Allard,Henry Cuellar,William L. Owens,,,,,,,,,,,,,,,,,,,,,,,,,,,,,,,,,,,,,,,,,,,,,,,,,,,
AP06,Ken Calvert,Michael K. Simpson,Tom Cole,Jaime Herrera Beutler,David P. Joyce,David G. Valadao,Chris Stewart,James P. Moran,Betty McCollum,Chellie Pingree,Jose E. Serrano,,,,,,,,,,,,,,,,,,,,,,,,,,,,,,,,,,,,,,,,,,,,,,,,,,,
AP07,Jack Kingston,Steve Womack,"Charles J. ""Chuck"" Fleischmann",David P. Joyce,Andy Harris,Martha Roby,Chris Stewart,Rosa L. DeLauro,Lucille Roybal-Allard,Barbara Lee,Michael M. Honda,,,,,,,,,,,,,,,,,,,,,,,,,,,,,,,,,,,,,,,,,,,,,,,,,,,
AP24,Tom Cole,Andy Harris,Martha Roby,Mark E. Amodei,Chris Stewart,Debbie Wasserman Schultz,James P. Moran,"Sanford D. Bishop,  Jr.",,,,,,,,,,,,,,,,,,,,,,,,,,,,,,,,,,,,,,,,,,,,,,,,,,,,,,
AP18,John Abney Culberson,Alan Nunnelee,Jeff Fortenberry,Thomas J. Rooney,Tom Graves,David G. Valadao,Martha Roby,"Sanford D. Bishop,  Jr.",Sam Farr,David E. Price,Chaka Fattah,,,,,,,,,,,,,,,,,,,,,,,,,,,,,,,,,,,,,,,,,,,,,,,,,,,
AP04,Kay Granger,Frank R. Wolf,Mario Diaz-Balart,Charles W. Dent,Ander Crenshaw,Kevin Yoder,Thomas J. Rooney,Nita M. Lowey,Adam B. Schiff,Barbara Lee,Debbie Wasserman Schultz,Henry Cuellar,,,,,,,,,,,,,,,,,,,,,,,,,,,,,,,,,,,,,,,,,,,,,,,,,,
AP20,Tom Latham,Frank R. Wolf,Charles W. Dent,Kay Granger,Jaime Herrera Beutler,David P. Joyce,Michael K. Simpson,Ed Pastor,David E. Price,Mike Quigley,Tim Ryan,,,,,,,,,,,,,,,,,,,,,,,,,,,,,,,,,,,,,,,,,,,,,,,,,,,
AS00,"Howard P. ""Buck"" McKeon",Mac Thornberry,Walter B. Jones,J. Randy Forbes,Jeff Miller,Joe Wilson,Frank A. LoBiondo,Rob Bishop,Michael R. Turner,John Kline,Mike Rogers,Trent Franks,Bill Shuster,K. Michael Conaway,Doug Lamborn,Robert J. Wittman,Duncan Hunter,John Fleming,Mike Coffman,E. Scott Rigell,Christopher P. Gibson,Vicky Hartzler,Joseph J. Heck,Jon Runyan,Austin Scott,Steven M. Palazzo,Mo Brooks,Richard B. Nugent,Kristi L. Noem,Paul Cook,Jim Bridenstine,Brad R. Wenstrup,Jackie Walorski,Bradley Byrne,Adam Smith,Loretta Sanchez,Mike McIntyre,Robert A. Brady,Susan A. Davis,James R. Langevin,Rick Larsen,Jim Cooper,Madeleine Z. Bordallo,Joe Courtney,David Loebsack,Niki Tsongas,John Garamendi,"Henry C. ""Hank"" Johnson,  Jr.",Colleen W. Hanabusa,Jackie Speier,Ron Barber,Andre Carson,Carol Shea-Porter,Daniel B. Maffei,Derek Kilmer,Joaquin Castro,Tammy Duckworth,Scott H. Peters,William L. Enyart,Pete P. Gallego,Marc A. Veasey,Tulsi Gabbard
AS26,Mac Thornberry,Jeff Miller,John Kline,Bill Shuster,Richard B. Nugent,Trent Franks,Duncan Hunter,Christopher P. Gibson,Vicky Hartzler,Joseph J. Heck,James R. Langevin,Susan A. Davis,"Henry C. ""Hank"" Johnson,  Jr.",Andre Carson,Daniel B. Maffei,Derek Kilmer,Joaquin Castro,Scott H. Peters,,,,,,,,,,,,,,,,,,,,,,,,,,,,,,,,,,,,,,,,,,,,
AS02,Joe Wilson,Walter B. Jones,Joseph J. Heck,Austin Scott,Brad R. Wenstrup,Jackie Walorski,Christopher P. Gibson,Kristi L. Noem,Susan A. Davis,Robert A. Brady,Madeleine Z. Bordallo,David Loebsack,Niki Tsongas,Carol Shea-Porter,,,,,,,,,,,,,,,,,,,,,,,,,,,,,,,,,,,,,,,,,,,,,,,,
AS06,Joseph J. Heck,K. Michael Conaway,Mo Brooks,Walter B. Jones,Austin Scott,Jim Bridenstine,Niki Tsongas,Jackie Speier,Tammy Duckworth,Tulsi Gabbard,,,,,,,,,,,,,,,,,,,,,,,,,,,,,,,,,,,,,,,,,,,,,,,,,,,,
AS03,Robert J. Wittman,Rob Bishop,Vicky Hartzler,Austin Scott,Kristi L. Noem,J. Randy Forbes,Frank A. LoBiondo,Mike Rogers,Doug Lamborn,E. Scott Rigell,Steven M. Palazzo,Madeleine Z. Bordallo,Joe Courtney,David Loebsack,Colleen W. Hanabusa,Jackie Speier,Ron Barber,Carol Shea-Porter,William L. Enyart,Pete P. Gallego,,,,,,,,,,,,,,,,,,,,,,,,,,,,,,,,,,,,,,,,,,
AS28,J. Randy Forbes,K. Michael Conaway,Duncan Hunter,E. Scott Rigell,Steven M. Palazzo,Robert J. Wittman,Mike Coffman,Jon Runyan,Kristi L. Noem,Paul Cook,Bradley Byrne,Mike McIntyre,Joe Courtney,James R. Langevin,Rick Larsen,"Henry C. ""Hank"" Johnson,  Jr.",Colleen W. Hanabusa,Derek Kilmer,Scott H. Peters,Tulsi Gabbard,,,,,,,,,,,,,,,,,,,,,,,,,,,,,,,,,,,,,,,,,,
AS29,Mike Rogers,Trent Franks,Doug Lamborn,Mike Coffman,Mo Brooks,Joe Wilson,Michael R. Turner,John Fleming,Richard B. Nugent,Jim Bridenstine,Jim Cooper,Loretta Sanchez,James R. Langevin,Rick Larsen,John Garamendi,"Henry C. ""Hank"" Johnson,  Jr.",Andre Carson,Marc A. Veasey,,,,,,,,,,,,,,,,,,,,,,,,,,,,,,,,,,,,,,,,,,,,
AS25,Michael R. Turner,Frank A. LoBiondo,John Fleming,Christopher P. Gibson,Jon Runyan,Paul Cook,Jim Bridenstine,Brad R. Wenstrup,Jackie Walorski,Mac Thornberry,Walter B. Jones,Rob Bishop,Bradley Byrne,Loretta Sanchez,Mike McIntyre,Jim Cooper,John Garamendi,Ron Barber,Daniel B. Maffei,Joaquin Castro,Tammy Duckworth,William L. Enyart,Pete P. Gallego,Marc A. Veasey,,,,,,,,,,,,,,,,,,,,,,,,,,,,,,,,,,,,,,
BU00,Paul Ryan,Scott Garrett,John Campbell,Ken Calvert,Tom Cole,Tom Price,Tom McClintock,James Lankford,Diane Black,Reid J. Ribble,Bill Flores,Todd Rokita,Rob Woodall,Marsha Blackburn,Alan Nunnelee,E. Scott Rigell,Vicky Hartzler,Jackie Walorski,Tom Rice,Roger Williams,Sean P. Duffy,Chris Van Hollen,John A. Yarmuth,"Bill Pascrell,  Jr.",Tim Ryan,Gwen Moore,Kathy Castor,Jim McDermott,Barbara Lee,Hakeem S. Jeffries,Mark Pocan,Michelle Lujan Grisham,Jared Huffman,Tony Cerdenas,Earl Blumenauer,Kurt Schrader,Lloyd Doggett,Daniel T. Kildee,,,,,,,,,,,,,,,,,,,,,,,,
ED00,John Kline,Thomas E. Petri,"Howard P. ""Buck"" McKeon",Joe Wilson,Virginia Foxx,Tom Price,Kenny Marchant,Duncan Hunter,David P. Roe,Glenn Thompson,Tim Walberg,Matt Salmon,Brett Guthrie,Scott DesJarlais,Todd Rokita,Larry Bucshon,Lou Barletta,Joseph J. Heck,Mike Kelly,Susan W. Brooks,Richard Hudson,Luke Messer,Bradley Byrne,George Miller,"Robert C. ""Bobby"" Scott",Ruben Hinojosa,Carolyn McCarthy,John F. Tierney,Rush Holt,Susan A. Davis,Rael M. Grijalva,Timothy H. Bishop,David Loebsack,Joe Courtney,Marcia L. Fudge,Jared Polis,Gregorio Kilili Camacho Sablan,Frederica S. Wilson,Suzanne Bonamici,Mark Pocan,Mark Takano,,,,,,,,,,,,,,,,,,,,,
ED14,Todd Rokita,John Kline,Thomas E. Petri,Virginia Foxx,Kenny Marchant,Duncan Hunter,David P. Roe,Glenn Thompson,Susan W. Brooks,Bradley Byrne,David Loebsack,"Robert C. ""Bobby"" Scott",Carolyn McCarthy,Susan A. Davis,Rael M. Grijalva,Marcia L. Fudge,Jared Polis,Gregorio Kilili Camacho Sablan,,,,,,,,,,,,,,,,,,,,,,,,,,,,,,,,,,,,,,,,,,,,
ED10,Tim Walberg,John Kline,Tom Price,Duncan Hunter,Scott DesJarlais,Todd Rokita,Larry Bucshon,Richard Hudson,Joe Courtney,Rael M. Grijalva,Timothy H. Bishop,Marcia L. Fudge,Mark Pocan,Mark Takano,,,,,,,,,,,,,,,,,,,,,,,,,,,,,,,,,,,,,,,,,,,,,,,,
ED13,Virginia Foxx,Thomas E. Petri,"Howard P. ""Buck"" McKeon",Glenn Thompson,Tim Walberg,Matt Salmon,Brett Guthrie,Lou Barletta,Joseph J. Heck,Susan W. Brooks,Richard Hudson,Luke Messer,Ruben Hinojosa,Timothy H. Bishop,Frederica S. Wilson,Suzanne Bonamici,Mark Takano,Carolyn McCarthy,John F. Tierney,Rush Holt,Susan A. Davis,,,,,,,,,,,,,,,,,,,,,,,,,,,,,,,,,,,,,,,,,
ED02,David P. Roe,Joe Wilson,Tom Price,Kenny Marchant,Matt Salmon,Brett Guthrie,Scott DesJarlais,Larry Bucshon,Lou Barletta,Joseph J. Heck,Mike Kelly,Susan W. Brooks,Luke Messer,Bradley Byrne,John F. Tierney,Rush Holt,Mark Pocan,"Robert C. ""Bobby"" Scott",Ruben Hinojosa,David Loebsack,Joe Courtney,Jared Polis,Gregorio Kilili Camacho Sablan,Frederica S. Wilson,Suzanne Bonamici,,,,,,,,,,,,,,,,,,,,,,,,,,,,,,,,,,,,,
IF00,Fred Upton,Ralph M. Hall,Joe Barton,Ed Whitfield,John Shimkus,Joseph R. Pitts,Greg Walden,Lee Terry,Mike Rogers,Tim Murphy,Michael C. Burgess,Marsha Blackburn,Phil Gingrey,Steve Scalise,Robert E. Latta,Cathy McMorris Rodgers,Gregg Harper,Leonard Lance,Bill Cassidy,Brett Guthrie,Pete Olson,David B. McKinley,Cory Gardner,Mike Pompeo,Adam Kinzinger,H. Morgan Griffith,Gus M. Bilirakis,Bill Johnson,Billy Long,Renee L. Ellmers,Henry A. Waxman,John D. Dingell,"Frank Pallone,  Jr.",Bobby L. Rush,Anna G. Eshoo,Eliot L. Engel,Gene Green,Diana DeGette,Lois Capps,Michael F. Doyle,Janice D. Schakowsky,Jim Matheson,G. K. Butterfield,John Barrow,Doris O. Matsui,Donna M. Christensen,Kathy Castor,John P. Sarbanes,Jerry McNerney,Bruce L. Braley,Peter Welch,Ben Ray Lujen,Paul Tonko,John A. Yarmuth,,,,,,,,
IF17,Lee Terry,Leonard Lance,Marsha Blackburn,Gregg Harper,Brett Guthrie,Pete Olson,David B. McKinley,Mike Pompeo,Adam Kinzinger,Gus M. Bilirakis,Bill Johnson,Billy Long,Joe Barton,Fred Upton,Janice D. Schakowsky,John P. Sarbanes,Jerry McNerney,Peter Welch,John A. Yarmuth,John D. Dingell,Bobby L. Rush,Jim Matheson,John Barrow,Donna M. Christensen,Henry A. Waxman,,,,,,,,,,,,,,,,,,,,,,,,,,,,,,,,,,,,,
IF16,Greg Walden,Robert E. Latta,John Shimkus,Lee Terry,Mike Rogers,Marsha Blackburn,Steve Scalise,Leonard Lance,Brett Guthrie,Cory Gardner,Mike Pompeo,Adam Kinzinger,Billy Long,Renee L. Ellmers,Joe Barton,Fred Upton,Anna G. Eshoo,Michael F. Doyle,Doris O. Matsui,Bruce L. Braley,Peter Welch,Ben Ray Lujen,John D. Dingell,"Frank Pallone,  Jr.",Bobby L. Rush,Diana DeGette,Jim Matheson,G. K. Butterfield,Henry A. Waxman,,,,,,,,,,,,,,,,,,,,,,,,,,,,,,,,,
IF03,Ed Whitfield,Steve Scalise,Ralph M. Hall,John Shimkus,Joseph R. Pitts,Lee Terry,Michael C. Burgess,Robert E. Latta,Bill Cassidy,Pete Olson,David B. McKinley,Cory Gardner,Mike Pompeo,Adam Kinzinger,H. Morgan Griffith,Joe Barton,Fred Upton,Bobby L. Rush,Jerry McNerney,Paul Tonko,John A. Yarmuth,Eliot L. Engel,Gene Green,Lois Capps,Michael F. Doyle,John Barrow,Doris O. Matsui,Donna M. Christensen,Kathy Castor,Henry A. Waxman,,,,,,,,,,,,,,,,,,,,,,,,,,,,,,,,
IF18,John Shimkus,Phil Gingrey,Ralph M. Hall,Ed Whitfield,Joseph R. Pitts,Tim Murphy,Robert E. Latta,Gregg Harper,Bill Cassidy,David B. McKinley,Gus M. Bilirakis,Bill Johnson,Joe Barton,Fred Upton,Paul Tonko,"Frank Pallone,  Jr.",Gene Green,Diana DeGette,Lois Capps,Jerry McNerney,John D. Dingell,Janice D. Schakowsky,John Barrow,Doris O. Matsui,Henry A. Waxman,,,,,,,,,,,,,,,,,,,,,,,,,,,,,,,,,,,,,
IF14,Joseph R. Pitts,Michael C. Burgess,Ed Whitfield,John Shimkus,Mike Rogers,Tim Murphy,Marsha Blackburn,Phil Gingrey,Cathy McMorris Rodgers,Leonard Lance,Bill Cassidy,Brett Guthrie,H. Morgan Griffith,Gus M. Bilirakis,Renee L. Ellmers,Joe Barton,Fred Upton,"Frank Pallone,  Jr.",John D. Dingell,Eliot L. Engel,Lois Capps,Janice D. Schakowsky,Jim Matheson,Gene Green,G. K. Butterfield,John Barrow,Donna M. Christensen,Kathy Castor,John P. Sarbanes,Henry A. Waxman,,,,,,,,,,,,,,,,,,,,,,,,,,,,,,,,
IF02,Tim Murphy,Michael C. Burgess,Marsha Blackburn,Phil Gingrey,Steve Scalise,Gregg Harper,Pete Olson,Cory Gardner,H. Morgan Griffith,Bill Johnson,Billy Long,Renee L. Ellmers,Joe Barton,Fred Upton,Diana DeGette,Bruce L. Braley,Ben Ray Lujen,Janice D. Schakowsky,G. K. Butterfield,Kathy Castor,Peter Welch,Paul Tonko,John A. Yarmuth,Gene Green,Henry A. Waxman,,,,,,,,,,,,,,,,,,,,,,,,,,,,,,,,,,,,,
SO00,K. Michael Conaway,Charles W. Dent,Patrick Meehan,Trey Gowdy,Susan W. Brooks,Linda T. Senchez,Pedro R. Pierluisi,Michael E. Capuano,Yvette D. Clarke,Theodore E. Deutch,,,,,,,,,,,,,,,,,,,,,,,,,,,,,,,,,,,,,,,,,,,,,,,,,,,,
BA00,Jeb Hensarling,Spencer Bachus,Peter T. King,Edward R. Royce,Frank D. Lucas,Gary G. Miller,Shelley Moore Capito,Scott Garrett,Randy Neugebauer,Patrick T. McHenry,John Campbell,Michele Bachmann,Kevin McCarthy,Stevan Pearce,Bill Posey,Michael G. Fitzpatrick,Lynn A. Westmoreland,Blaine Luetkemeyer,Bill Huizenga,Sean P. Duffy,Robert Hurt,Steve Stivers,Stephen Lee Fincher,Marlin A. Stutzman,Mick Mulvaney,Randy Hultgren,Dennis A. Ross,Robert Pittenger,Ann Wagner,Andy Barr,Tom Cotton,Keith J. Rothfus,Luke Messer,Maxine Waters,Carolyn B. Maloney,Nydia M. Velezquez,Brad Sherman,Gregory W. Meeks,Michael E. Capuano,Ruben Hinojosa,Wm. Lacy Clay,Carolyn McCarthy,Stephen F. Lynch,David Scott,Al Green,Emanuel Cleaver,Gwen Moore,Keith Ellison,Ed Perlmutter,James A. Himes,Gary C. Peters,"John C. Carney,  Jr.",Terri A. Sewell,Bill Foster,Daniel T. Kildee,Patrick Murphy,John K. Delaney,Kyrsten Sinema,Joyce Beatty,Denny Heck,Steven A. Horsford,
BA16,Scott Garrett,Robert Hurt,Spencer Bachus,Peter T. King,Edward R. Royce,Frank D. Lucas,Randy Neugebauer,Michele Bachmann,Kevin McCarthy,Lynn A. Westmoreland,Bill Huizenga,Steve Stivers,Stephen Lee Fincher,Mick Mulvaney,Randy Hultgren,Dennis A. Ross,Ann Wagner,Luke Messer,Carolyn B. Maloney,Brad Sherman,Ruben Hinojosa,Stephen F. Lynch,Gwen Moore,Ed Perlmutter,David Scott,James A. Himes,Gary C. Peters,Keith Ellison,Bill Foster,"John C. Carney,  Jr.",Terri A. Sewell,Daniel T. Kildee,Patrick Murphy,,,,,,,,,,,,,,,,,,,,,,,,,,,,,
BA15,Shelley Moore Capito,Sean P. Duffy,Spencer Bachus,Gary G. Miller,Patrick T. McHenry,John Campbell,Kevin McCarthy,Stevan Pearce,Bill Posey,Michael G. Fitzpatrick,Lynn A. Westmoreland,Blaine Luetkemeyer,Marlin A. Stutzman,Robert Pittenger,Andy Barr,Tom Cotton,Keith J. Rothfus,Gregory W. Meeks,Carolyn B. Maloney,Ruben Hinojosa,Carolyn McCarthy,David Scott,Al Green,Keith Ellison,Nydia M. Velezquez,Stephen F. Lynch,Ed Perlmutter,Michael E. Capuano,John K. Delaney,Denny Heck,Kyrsten Sinema,,,,,,,,,,,,,,,,,,,,,,,,,,,,,,,
BA04,Randy Neugebauer,Blaine Luetkemeyer,Edward R. Royce,Gary G. Miller,Shelley Moore Capito,Scott Garrett,Lynn A. Westmoreland,Sean P. Duffy,Robert Hurt,Steve Stivers,Dennis A. Ross,Michael E. Capuano,Nydia M. Velezquez,Emanuel Cleaver,Wm. Lacy Clay,Carolyn McCarthy,Brad Sherman,Gwen Moore,Joyce Beatty,Steven A. Horsford,,,,,,,,,,,,,,,,,,,,,,,,,,,,,,,,,,,,,,,,,,
BA20,John Campbell,Bill Huizenga,Frank D. Lucas,Stevan Pearce,Bill Posey,Stephen Lee Fincher,Marlin A. Stutzman,Mick Mulvaney,Robert Pittenger,Tom Cotton,Luke Messer,Wm. Lacy Clay,Gary C. Peters,Bill Foster,"John C. Carney,  Jr.",James A. Himes,Terri A. Sewell,Patrick Murphy,Kyrsten Sinema,Denny Heck,,,,,,,,,,,,,,,,,,,,,,,,,,,,,,,,,,,,,,,,,,
BA09,Patrick T. McHenry,Michael G. Fitzpatrick,Spencer Bachus,Peter T. King,Michele Bachmann,Sean P. Duffy,Stephen Lee Fincher,Randy Hultgren,Ann Wagner,Andy Barr,Keith J. Rothfus,Al Green,Emanuel Cleaver,Keith Ellison,Carolyn B. Maloney,John K. Delaney,Joyce Beatty,Denny Heck,Daniel T. Kildee,Steven A. Horsford,,,,,,,,,,,,,,,,,,,,,,,,,,,,,,,,,,,,,,,,,,
FA00,Edward R. Royce,Christopher H. Smith,Ileana Ros-Lehtinen,Dana Rohrabacher,Steve Chabot,Joe Wilson,Michael T. McCaul,Ted Poe,Matt Salmon,Tom Marino,Jeff Duncan,Adam Kinzinger,Mo Brooks,Tom Cotton,Paul Cook,George Holding,"Randy K. Weber,  Sr.",Scott Perry,Steve Stockman,Ron DeSantis,Doug Collins,Mark Meadows,Ted S. Yoho,Sean P. Duffy,Curt Clawson,Eliot L. Engel,Eni F. H. Faleomavaega,Brad Sherman,Gregory W. Meeks,Albio Sires,Gerald E. Connolly,Theodore E. Deutch,Brian Higgins,Karen Bass,William R. Keating,David N. Cicilline,Alan Grayson,Juan Vargas,Bradley S. Schneider,"Joseph P. Kennedy,  III",Ami Bera,Alan S. Lowenthal,Grace Meng,Lois Frankel,Tulsi Gabbard,Joaquin Castro,,,,,,,,,,,,,,,,
FA16,Christopher H. Smith,Tom Marino,"Randy K. Weber,  Sr.",Steve Stockman,Mark Meadows,Karen Bass,David N. Cicilline,Ami Bera,,,,,,,,,,,,,,,,,,,,,,,,,,,,,,,,,,,,,,,,,,,,,,,,,,,,,,
FA05,Steve Chabot,Dana Rohrabacher,Matt Salmon,Mo Brooks,George Holding,Scott Perry,Doug Collins,Curt Clawson,Eni F. H. Faleomavaega,Ami Bera,Tulsi Gabbard,Brad Sherman,Gerald E. Connolly,William R. Keating,,,,,,,,,,,,,,,,,,,,,,,,,,,,,,,,,,,,,,,,,,,,,,,,
FA14,Dana Rohrabacher,Ted Poe,Tom Marino,Jeff Duncan,Paul Cook,George Holding,Steve Stockman,William R. Keating,Gregory W. Meeks,Albio Sires,Brian Higgins,Alan S. Lowenthal,,,,,,,,,,,,,,,,,,,,,,,,,,,,,,,,,,,,,,,,,,,,,,,,,,
FA13,Ileana Ros-Lehtinen,Steve Chabot,Joe Wilson,Adam Kinzinger,Tom Cotton,"Randy K. Weber,  Sr.",Ron DeSantis,Doug Collins,Mark Meadows,Ted S. Yoho,Sean P. Duffy,Curt Clawson,Theodore E. Deutch,Gerald E. Connolly,Brian Higgins,David N. Cicilline,Alan Grayson,Juan Vargas,Bradley S. Schneider,"Joseph P. Kennedy,  III",Grace Meng,Lois Frankel,,,,,,,,,,,,,,,,,,,,,,,,,,,,,,,,,,,,,,,,
FA18,Ted Poe,Joe Wilson,Adam Kinzinger,Mo Brooks,Tom Cotton,Paul Cook,Scott Perry,Ted S. Yoho,Brad Sherman,Alan S. Lowenthal,Joaquin Castro,Juan Vargas,Bradley S. Schneider,"Joseph P. Kennedy,  III",,,,,,,,,,,,,,,,,,,,,,,,,,,,,,,,,,,,,,,,,,,,,,,,
FA07,Matt Salmon,Christopher H. Smith,Ileana Ros-Lehtinen,Michael T. McCaul,Jeff Duncan,Ron DeSantis,Sean P. Duffy,Albio Sires,Gregory W. Meeks,Eni F. H. Faleomavaega,Theodore E. Deutch,Alan Grayson,,,,,,,,,,,,,,,,,,,,,,,,,,,,,,,,,,,,,,,,,,,,,,,,,,
HM00,Michael T. McCaul,Lamar Smith,Peter T. King,Mike Rogers,Paul C. Broun,Candice S. Miller,Patrick Meehan,Jeff Duncan,Tom Marino,Jason Chaffetz,Steven M. Palazzo,Lou Barletta,Richard Hudson,Steve Daines,Susan W. Brooks,Scott Perry,Mark Sanford,Curt Clawson,Bennie G. Thompson,Loretta Sanchez,Sheila Jackson Lee,Yvette D. Clarke,Brian Higgins,Cedric L. Richmond,William R. Keating,Ron Barber,"Donald M. Payne,  Jr.",Beto O'Rourke,Filemon Vela,Eric Swalwell,,,,,,,,,,,,,,,,,,,,,,,,,,,,,,,,
HM05,Peter T. King,Paul C. Broun,Patrick Meehan,Jason Chaffetz,Curt Clawson,Michael T. McCaul,Brian Higgins,Loretta Sanchez,William R. Keating,Bennie G. Thompson,,,,,,,,,,,,,,,,,,,,,,,,,,,,,,,,,,,,,,,,,,,,,,,,,,,,
HM11,Candice S. Miller,Jeff Duncan,Tom Marino,Steven M. Palazzo,Lou Barletta,Curt Clawson,Michael T. McCaul,Sheila Jackson Lee,Loretta Sanchez,Beto O'Rourke,Bennie G. Thompson,,,,,,,,,,,,,,,,,,,,,,,,,,,,,,,,,,,,,,,,,,,,,,,,,,,
HM08,Patrick Meehan,Mike Rogers,Tom Marino,Jason Chaffetz,Steve Daines,Scott Perry,Michael T. McCaul,Yvette D. Clarke,William R. Keating,Filemon Vela,Bennie G. Thompson,,,,,,,,,,,,,,,,,,,,,,,,,,,,,,,,,,,,,,,,,,,,,,,,,,,
HM09,Jeff Duncan,Paul C. Broun,Lou Barletta,Richard Hudson,Steve Daines,Michael T. McCaul,Ron Barber,"Donald M. Payne,  Jr.",Beto O'Rourke,Bennie G. Thompson,,,,,,,,,,,,,,,,,,,,,,,,,,,,,,,,,,,,,,,,,,,,,,,,,,,,
HM07,Richard Hudson,Mike Rogers,Candice S. Miller,Susan W. Brooks,Mark Sanford,Michael T. McCaul,Cedric L. Richmond,Sheila Jackson Lee,Eric Swalwell,Bennie G. Thompson,,,,,,,,,,,,,,,,,,,,,,,,,,,,,,,,,,,,,,,,,,,,,,,,,,,,
HM12,Susan W. Brooks,Peter T. King,Steven M. Palazzo,Scott Perry,Mark Sanford,Michael T. McCaul,"Donald M. Payne,  Jr.",Yvette D. Clarke,Brian Higgins,Bennie G. Thompson,,,,,,,,,,,,,,,,,,,,,,,,,,,,,,,,,,,,,,,,,,,,,,,,,,,,
HA00,Candice S. Miller,Gregg Harper,Phil Gingrey,Aaron Schock,Todd Rokita,Richard B. Nugent,Robert A. Brady,Zoe Lofgren,Juan Vargas,,,,,,,,,,,,,,,,,,,,,,,,,,,,,,,,,,,,,,,,,,,,,,,,,,,,,
JU00,Bob Goodlatte,"F. James Sensenbrenner,  Jr.",Howard Coble,Lamar Smith,Steve Chabot,Spencer Bachus,Darrell E. Issa,J. Randy Forbes,Steve King,Trent Franks,Louie Gohmert,Jim Jordan,Ted Poe,Jason Chaffetz,Tom Marino,Trey Gowdy,Rael R. Labrador,Blake Farenthold,George Holding,Doug Collins,Ron DeSantis,Jason T. Smith,"John Conyers,  Jr.",Jerrold Nadler,"Robert C. ""Bobby"" Scott",Zoe Lofgren,Sheila Jackson Lee,Steve Cohen,"Henry C. ""Hank"" Johnson,  Jr.",Pedro R. Pierluisi,Judy Chu,Theodore E. Deutch,Luis V. Gutierrez,Karen Bass,Cedric L. Richmond,Suzan K. DelBene,Joe Garcia,Hakeem S. Jeffries,David N. Cicilline,,,,,,,,,,,,,,,,,,,,,,,
JU10,Trent Franks,Jim Jordan,Steve Chabot,J. Randy Forbes,Steve King,Louie Gohmert,Ron DeSantis,Jason T. Smith,Steve Cohen,Jerrold Nadler,"Robert C. ""Bobby"" Scott","Henry C. ""Hank"" Johnson,  Jr.",Theodore E. Deutch,,,,,,,,,,,,,,,,,,,,,,,,,,,,,,,,,,,,,,,,,,,,,,,,,
JU03,Howard Coble,Tom Marino,"F. James Sensenbrenner,  Jr.",Lamar Smith,Steve Chabot,Darrell E. Issa,Ted Poe,Jason Chaffetz,Blake Farenthold,George Holding,Doug Collins,Ron DeSantis,Jason T. Smith,Jerrold Nadler,"John Conyers,  Jr.",Judy Chu,Theodore E. Deutch,Karen Bass,Cedric L. Richmond,Suzan K. DelBene,Hakeem S. Jeffries,David N. Cicilline,Zoe Lofgren,Sheila Jackson Lee,Steve Cohen,,,,,,,,,,,,,,,,,,,,,,,,,,,,,,,,,,,,,
JU08,"F. James Sensenbrenner,  Jr.",Louie Gohmert,Howard Coble,Spencer Bachus,J. Randy Forbes,Trent Franks,Jason Chaffetz,Trey Gowdy,Rael R. Labrador,"Robert C. ""Bobby"" Scott",Pedro R. Pierluisi,Judy Chu,Luis V. Gutierrez,Karen Bass,Cedric L. Richmond,,,,,,,,,,,,,,,,,,,,,,,,,,,,,,,,,,,,,,,,,,,,,,,
JU01,Trey Gowdy,Ted Poe,Lamar Smith,Steve King,Jim Jordan,Rael R. Labrador,George Holding,Zoe Lofgren,Sheila Jackson Lee,Luis V. Gutierrez,Joe Garcia,Pedro R. Pierluisi,,,,,,,,,,,,,,,,,,,,,,,,,,,,,,,,,,,,,,,,,,,,,,,,,,
JU05,Spencer Bachus,Blake Farenthold,Darrell E. Issa,Tom Marino,George Holding,Doug Collins,Jason T. Smith,"Henry C. ""Hank"" Johnson,  Jr.",Suzan K. DelBene,Joe Garcia,Hakeem S. Jeffries,David N. Cicilline,,,,,,,,,,,,,,,,,,,,,,,,,,,,,,,,,,,,,,,,,,,,,,,,,,
II00,Doc Hastings,Don Young,Louie Gohmert,Rob Bishop,Doug Lamborn,Robert J. Wittman,Paul C. Broun,John Fleming,Tom McClintock,Glenn Thompson,Cynthia M. Lummis,Dan Benishek,Jeff Duncan,Scott R. Tipton,Paul A. Gosar,Rael R. Labrador,"Steve Southerland,  II",Bill Flores,Jon Runyan,Markwayne Mullin,Steve Daines,Kevin Cramer,Doug LaMalfa,Jason T. Smith,Vance M. McAllister,Bradley Byrne,Peter A. DeFazio,Eni F. H. Faleomavaega,"Frank Pallone,  Jr.",Grace F. Napolitano,Rush Holt,Rael M. Grijalva,Madeleine Z. Bordallo,Jim Costa,Gregorio Kilili Camacho Sablan,Niki Tsongas,Pedro R. Pierluisi,Colleen W. Hanabusa,Tony Cerdenas,Jared Huffman,Raul Ruiz,Carol Shea-Porter,Alan S. Lowenthal,Joe Garcia,Matt Cartwright,Katherine M. Clark,,,,,,,,,,,,,,,,
II06,Doug Lamborn,Louie Gohmert,Rob Bishop,Robert J. Wittman,Paul C. Broun,John Fleming,Glenn Thompson,Cynthia M. Lummis,Dan Benishek,Jeff Duncan,Paul A. Gosar,Bill Flores,Markwayne Mullin,Steve Daines,Kevin Cramer,Doc Hastings,Rush Holt,Matt Cartwright,Jim Costa,Niki Tsongas,Jared Huffman,Alan S. Lowenthal,Tony Cerdenas,Rael M. Grijalva,Colleen W. Hanabusa,Joe Garcia,Katherine M. Clark,Peter A. DeFazio,,,,,,,,,,,,,,,,,,,,,,,,,,,,,,,,,,
II22,John Fleming,Don Young,Robert J. Wittman,Glenn Thompson,Jeff Duncan,"Steve Southerland,  II",Bill Flores,Jon Runyan,Vance M. McAllister,Bradley Byrne,Doc Hastings,Gregorio Kilili Camacho Sablan,Eni F. H. Faleomavaega,"Frank Pallone,  Jr.",Madeleine Z. Bordallo,Pedro R. Pierluisi,Carol Shea-Porter,Alan S. Lowenthal,Joe Garcia,Peter A. DeFazio,,,,,,,,,,,,,,,,,,,,,,,,,,,,,,,,,,,,,,,,,,
II24,Don Young,Dan Benishek,Paul A. Gosar,Markwayne Mullin,Steve Daines,Kevin Cramer,Doug LaMalfa,Doc Hastings,Colleen W. Hanabusa,Tony Cerdenas,Raul Ruiz,Eni F. H. Faleomavaega,Rael M. Grijalva,Peter A. DeFazio,,,,,,,,,,,,,,,,,,,,,,,,,,,,,,,,,,,,,,,,,,,,,,,,
II10,Rob Bishop,Don Young,Louie Gohmert,Doug Lamborn,Paul C. Broun,Tom McClintock,Cynthia M. Lummis,Scott R. Tipton,Rael R. Labrador,Steve Daines,Kevin Cramer,Doug LaMalfa,Jason T. Smith,Vance M. McAllister,Doc Hastings,Rael M. Grijalva,Niki Tsongas,Rush Holt,Madeleine Z. Bordallo,Gregorio Kilili Camacho Sablan,Pedro R. Pierluisi,Colleen W. Hanabusa,Carol Shea-Porter,Joe Garcia,Matt Cartwright,Jared Huffman,Peter A. DeFazio,,,,,,,,,,,,,,,,,,,,,,,,,,,,,,,,,,,
II13,Tom McClintock,Cynthia M. Lummis,Scott R. Tipton,Paul A. Gosar,Rael R. Labrador,Doug LaMalfa,Jason T. Smith,Bradley Byrne,Doc Hastings,Grace F. Napolitano,Jim Costa,Jared Huffman,Tony Cerdenas,Raul Ruiz,Alan S. Lowenthal,Peter A. DeFazio,,,,,,,,,,,,,,,,,,,,,,,,,,,,,,,,,,,,,,,,,,,,,,
GO00,Darrell E. Issa,John L. Mica,Michael R. Turner,"John J. Duncan,  Jr.",Patrick T. McHenry,Jim Jordan,Jason Chaffetz,Tim Walberg,James Lankford,Justin Amash,Paul A. Gosar,Patrick Meehan,Scott DesJarlais,Trey Gowdy,Blake Farenthold,Doc Hastings,Cynthia M. Lummis,Rob Woodall,Thomas Massie,Doug Collins,Mark Meadows,Kerry L. Bentivolio,Ron DeSantis,Elijah E. Cummings,Carolyn B. Maloney,Eleanor Holmes Norton,John F. Tierney,Wm. Lacy Clay,Stephen F. Lynch,Jim Cooper,Gerald E. Connolly,Jackie Speier,Matt Cartwright,Tammy Duckworth,Robin L. Kelly,Danny K. Davis,Peter Welch,Tony Cerdenas,Steven A. Horsford,Michelle Lujan Grisham,,,,,,,,,,,,,,,,,,,,,,
GO25,Blake Farenthold,Tim Walberg,Trey Gowdy,Doug Collins,Ron DeSantis,Stephen F. Lynch,Eleanor Holmes Norton,Wm. Lacy Clay,,,,,,,,,,,,,,,,,,,,,,,,,,,,,,,,,,,,,,,,,,,,,,,,,,,,,,
GO24,John L. Mica,Mark Meadows,Michael R. Turner,Justin Amash,Thomas Massie,Gerald E. Connolly,Jim Cooper,,,,,,,,,,,,,,,,,,,,,,,,,,,,,,,,,,,,,,,,,,,,,,,,,,,,,,,
GO27,James Lankford,Paul A. Gosar,Patrick T. McHenry,Jim Jordan,Jason Chaffetz,Tim Walberg,Patrick Meehan,Scott DesJarlais,Blake Farenthold,Doc Hastings,Rob Woodall,Thomas Massie,Jackie Speier,Eleanor Holmes Norton,Jim Cooper,Matt Cartwright,Tammy Duckworth,Danny K. Davis,Tony Cerdenas,Michelle Lujan Grisham,Steven A. Horsford,,,,,,,,,,,,,,,,,,,,,,,,,,,,,,,,,,,,,,,,,
GO06,Jason Chaffetz,Cynthia M. Lummis,John L. Mica,"John J. Duncan,  Jr.",Justin Amash,Paul A. Gosar,Trey Gowdy,Rob Woodall,Kerry L. Bentivolio,John F. Tierney,Carolyn B. Maloney,Stephen F. Lynch,Jackie Speier,Robin L. Kelly,Peter Welch,Michelle Lujan Grisham,,,,,,,,,,,,,,,,,,,,,,,,,,,,,,,,,,,,,,,,,,,,,,
GO28,Jim Jordan,Ron DeSantis,"John J. Duncan,  Jr.",Patrick T. McHenry,Paul A. Gosar,Patrick Meehan,Scott DesJarlais,Doc Hastings,Cynthia M. Lummis,Doug Collins,Mark Meadows,Kerry L. Bentivolio,Matt Cartwright,Tammy Duckworth,Gerald E. Connolly,Robin L. Kelly,Danny K. Davis,Steven A. Horsford,,,,,,,,,,,,,,,,,,,,,,,,,,,,,,,,,,,,,,,,,,,,
RU00,Pete Sessions,Virginia Foxx,Rob Bishop,Tom Cole,Rob Woodall,Richard B. Nugent,Daniel Webster,Ileana Ros-Lehtinen,Michael C. Burgess,Louise McIntosh Slaughter,James P. McGovern,Alcee L. Hastings,Jared Polis,,,,,,,,,,,,,,,,,,,,,,,,,,,,,,,,,,,,,,,,,,,,,,,,,
RU02,Rob Woodall,Virginia Foxx,Richard B. Nugent,Daniel Webster,Michael C. Burgess,Alcee L. Hastings,Jared Polis,,,,,,,,,,,,,,,,,,,,,,,,,,,,,,,,,,,,,,,,,,,,,,,,,,,,,,,
RU04,Richard B. Nugent,Rob Bishop,Ileana Ros-Lehtinen,Daniel Webster,Pete Sessions,James P. McGovern,Louise McIntosh Slaughter,,,,,,,,,,,,,,,,,,,,,,,,,,,,,,,,,,,,,,,,,,,,,,,,,,,,,,,
SY00,Lamar Smith,"F. James Sensenbrenner,  Jr.",Ralph M. Hall,Dana Rohrabacher,Frank D. Lucas,Randy Neugebauer,Michael T. McCaul,Paul C. Broun,Steven M. Palazzo,Mo Brooks,Randy Hultgren,Larry Bucshon,Steve Stockman,Bill Posey,Cynthia M. Lummis,David Schweikert,Thomas Massie,Kevin Cramer,Jim Bridenstine,"Randy K. Weber,  Sr.",Chris Collins,Bill Johnson,Eddie Bernice Johnson,Zoe Lofgren,Daniel Lipinski,Donna F. Edwards,Frederica S. Wilson,Suzanne Bonamici,Eric Swalwell,Daniel B. Maffei,Alan Grayson,"Joseph P. Kennedy,  III",Scott H. Peters,Derek Kilmer,Ami Bera,Elizabeth H. Esty,Marc A. Veasey,Julia Brownley,Robin L. Kelly,Katherine M. Clark,,,,,,,,,,,,,,,,,,,,,,
SY20,Cynthia M. Lummis,Ralph M. Hall,Frank D. Lucas,Randy Neugebauer,Michael T. McCaul,Randy Hultgren,Thomas Massie,Kevin Cramer,"Randy K. Weber,  Sr.",Lamar Smith,Eric Swalwell,Alan Grayson,"Joseph P. Kennedy,  III",Marc A. Veasey,Zoe Lofgren,Daniel Lipinski,Katherine M. Clark,Eddie Bernice Johnson,,,,,,,,,,,,,,,,,,,,,,,,,,,,,,,,,,,,,,,,,,,,
SY21,Paul C. Broun,"F. James Sensenbrenner,  Jr.",Bill Posey,Kevin Cramer,Bill Johnson,Lamar Smith,Daniel B. Maffei,Eric Swalwell,Scott H. Peters,Eddie Bernice Johnson,,,,,,,,,,,,,,,,,,,,,,,,,,,,,,,,,,,,,,,,,,,,,,,,,,,,
SY16,Steven M. Palazzo,Ralph M. Hall,Dana Rohrabacher,Frank D. Lucas,Michael T. McCaul,Mo Brooks,Larry Bucshon,Steve Stockman,Bill Posey,David Schweikert,Jim Bridenstine,Chris Collins,Lamar Smith,Donna F. Edwards,Suzanne Bonamici,Daniel B. Maffei,"Joseph P. Kennedy,  III",Derek Kilmer,Ami Bera,Marc A. Veasey,Julia Brownley,Frederica S. Wilson,Eddie Bernice Johnson,,,,,,,,,,,,,,,,,,,,,,,,,,,,,,,,,,,,,,,
SY15,Larry Bucshon,Steven M. Palazzo,Mo Brooks,Randy Hultgren,Steve Stockman,Cynthia M. Lummis,Thomas Massie,Jim Bridenstine,Chris Collins,Bill Johnson,Lamar Smith,Daniel Lipinski,Frederica S. Wilson,Zoe Lofgren,Scott H. Peters,Ami Bera,Derek Kilmer,Elizabeth H. Esty,Robin L. Kelly,Eddie Bernice Johnson,,,,,,,,,,,,,,,,,,,,,,,,,,,,,,,,,,,,,,,,,,
SY18,David Schweikert,"F. James Sensenbrenner,  Jr.",Dana Rohrabacher,Randy Neugebauer,Paul C. Broun,Jim Bridenstine,"Randy K. Weber,  Sr.",Lamar Smith,Suzanne Bonamici,Julia Brownley,Donna F. Edwards,Alan Grayson,Katherine M. Clark,Eddie Bernice Johnson,,,,,,,,,,,,,,,,,,,,,,,,,,,,,,,,,,,,,,,,,,,,,,,,
SM00,Sam Graves,Steve Chabot,Steve King,Mike Coffman,Blaine Luetkemeyer,Mick Mulvaney,Scott R. Tipton,Jaime Herrera Beutler,Richard L. Hanna,Tim Huelskamp,David Schweikert,Kerry L. Bentivolio,Chris Collins,Tom Rice,Nydia M. Velezquez,Kurt Schrader,Yvette D. Clarke,Judy Chu,Janice Hahn,"Donald M. Payne,  Jr.",Grace Meng,Bradley S. Schneider,Ron Barber,Ann M. Kuster,Patrick Murphy,,,,,,,,,,,,,,,,,,,,,,,,,,,,,,,,,,,,,
SM25,Scott R. Tipton,Steve King,Blaine Luetkemeyer,Mick Mulvaney,Richard L. Hanna,Tim Huelskamp,Patrick Murphy,Kurt Schrader,Grace Meng,Ron Barber,,,,,,,,,,,,,,,,,,,,,,,,,,,,,,,,,,,,,,,,,,,,,,,,,,,,
SM23,Richard L. Hanna,Steve King,Mick Mulvaney,Scott R. Tipton,Tim Huelskamp,Kerry L. Bentivolio,Grace Meng,Yvette D. Clarke,Judy Chu,,,,,,,,,,,,,,,,,,,,,,,,,,,,,,,,,,,,,,,,,,,,,,,,,,,,,
SM27,Tom Rice,Steve Chabot,Steve King,Mike Coffman,Mick Mulvaney,David Schweikert,Judy Chu,"Donald M. Payne,  Jr.",Bradley S. Schneider,Ron Barber,,,,,,,,,,,,,,,,,,,,,,,,,,,,,,,,,,,,,,,,,,,,,,,,,,,,
SM26,Chris Collins,Steve King,Mike Coffman,Blaine Luetkemeyer,Jaime Herrera Beutler,Tim Huelskamp,Janice Hahn,Kurt Schrader,Bradley S. Schneider,,,,,,,,,,,,,,,,,,,,,,,,,,,,,,,,,,,,,,,,,,,,,,,,,,,,,
SM24,Steve Chabot,Jaime Herrera Beutler,Kerry L. Bentivolio,Chris Collins,Tom Rice,Yvette D. Clarke,Judy Chu,Ann M. Kuster,,,,,,,,,,,,,,,,,,,,,,,,,,,,,,,,,,,,,,,,,,,,,,,,,,,,,,
PW00,Bill Shuster,Don Young,Thomas E. Petri,Howard Coble,"John J. Duncan,  Jr.",John L. Mica,Frank A. LoBiondo,Gary G. Miller,Sam Graves,Shelley Moore Capito,Candice S. Miller,Duncan Hunter,"Eric A. ""Rick"" Crawford",Lou Barletta,Blake Farenthold,Larry Bucshon,Bob Gibbs,Patrick Meehan,Richard L. Hanna,Daniel Webster,"Steve Southerland,  II",Jeff Denham,Reid J. Ribble,Thomas Massie,Steve Daines,Tom Rice,Markwayne Mullin,Roger Williams,Mark Meadows,Scott Perry,Rodney Davis,Mark Sanford,David W. Jolly,"Nick J. Rahall,  II",Peter A. DeFazio,Eleanor Holmes Norton,Jerrold Nadler,Corrine Brown,Eddie Bernice Johnson,Elijah E. Cummings,Rick Larsen,Michael E. Capuano,Timothy H. Bishop,Michael H. Michaud,Grace F. Napolitano,Daniel Lipinski,Timothy J. Walz,Steve Cohen,Albio Sires,Donna F. Edwards,John Garamendi,Andre Carson,Janice Hahn,Richard M. Nolan,Ann Kirkpatrick,Dina Titus,Sean Patrick Maloney,Elizabeth H. Esty,Lois Frankel,Cheri Bustos,,
PW05,Frank A. LoBiondo,Thomas E. Petri,Howard Coble,"John J. Duncan,  Jr.",Sam Graves,Blake Farenthold,Larry Bucshon,Patrick Meehan,Richard L. Hanna,Daniel Webster,Jeff Denham,Reid J. Ribble,Thomas Massie,Steve Daines,Roger Williams,Mark Meadows,Rodney Davis,Bill Shuster,Rick Larsen,Peter A. DeFazio,Eddie Bernice Johnson,Michael E. Capuano,Daniel Lipinski,Steve Cohen,Andre Carson,Richard M. Nolan,Dina Titus,Sean Patrick Maloney,Cheri Bustos,Corrine Brown,Elizabeth H. Esty,Nick J. Rahall II,,,,,,,,,,,,,,,,,,,,,,,,,,,,,,
PW07,Duncan Hunter,Don Young,Howard Coble,Frank A. LoBiondo,Patrick Meehan,"Steve Southerland,  II",Tom Rice,Mark Sanford,David W. Jolly,Bill Shuster,John Garamendi,Elijah E. Cummings,Rick Larsen,Timothy H. Bishop,Lois Frankel,Corrine Brown,Janice Hahn,Nick J. Rahall II,,,,,,,,,,,,,,,,,,,,,,,,,,,,,,,,,,,,,,,,,,,,
PW13,Lou Barletta,Thomas E. Petri,John L. Mica,"Eric A. ""Rick"" Crawford",Blake Farenthold,Markwayne Mullin,Mark Meadows,Scott Perry,Mark Sanford,Bill Shuster,Andre Carson,Eleanor Holmes Norton,Michael H. Michaud,Timothy J. Walz,Donna F. Edwards,Richard M. Nolan,Dina Titus,Nick J. Rahall II,,,,,,,,,,,,,,,,,,,,,,,,,,,,,,,,,,,,,,,,,,,,
PW12,Thomas E. Petri,Don Young,Howard Coble,"John J. Duncan,  Jr.",John L. Mica,Frank A. LoBiondo,Gary G. Miller,Sam Graves,Shelley Moore Capito,Duncan Hunter,"Eric A. ""Rick"" Crawford",Lou Barletta,Blake Farenthold,Larry Bucshon,Bob Gibbs,Richard L. Hanna,"Steve Southerland,  II",Reid J. Ribble,Steve Daines,Tom Rice,Markwayne Mullin,Roger Williams,Scott Perry,Rodney Davis,Bill Shuster,Eleanor Holmes Norton,Peter A. DeFazio,Jerrold Nadler,Eddie Bernice Johnson,Michael E. Capuano,Michael H. Michaud,Grace F. Napolitano,Timothy J. Walz,Steve Cohen,Albio Sires,Donna F. Edwards,Janice Hahn,Richard M. Nolan,Ann Kirkpatrick,Dina Titus,Sean Patrick Maloney,Elizabeth H. Esty,Lois Frankel,Cheri Bustos,Nick J. Rahall II,,,,,,,,,,,,,,,,,
PW14,Jeff Denham,"John J. Duncan,  Jr.",John L. Mica,Gary G. Miller,Sam Graves,Shelley Moore Capito,Candice S. Miller,Lou Barletta,Larry Bucshon,Bob Gibbs,Patrick Meehan,Richard L. Hanna,Daniel Webster,Thomas Massie,Roger Williams,Scott Perry,Bill Shuster,Corrine Brown,Daniel Lipinski,Jerrold Nadler,Elijah E. Cummings,Michael H. Michaud,Grace F. Napolitano,Timothy J. Walz,Albio Sires,Janice Hahn,Ann Kirkpatrick,Elizabeth H. Esty,Peter A. DeFazio,Michael E. Capuano,Nick J. Rahall II,,,,,,,,,,,,,,,,,,,,,,,,,,,,,,,
PW02,Bob Gibbs,Don Young,Gary G. Miller,Shelley Moore Capito,Candice S. Miller,"Eric A. ""Rick"" Crawford",Daniel Webster,Jeff Denham,Reid J. Ribble,Thomas Massie,Steve Daines,Tom Rice,Markwayne Mullin,Mark Meadows,Rodney Davis,Mark Sanford,David W. Jolly,Bill Shuster,Timothy H. Bishop,Donna F. Edwards,John Garamendi,Lois Frankel,Eleanor Holmes Norton,Eddie Bernice Johnson,Grace F. Napolitano,Steve Cohen,Janice Hahn,Richard M. Nolan,Ann Kirkpatrick,Dina Titus,Sean Patrick Maloney,Nick J. Rahall II,,,,,,,,,,,,,,,,,,,,,,,,,,,,,,
VR00,Jeff Miller,Doug Lamborn,Gus M. Bilirakis,David P. Roe,Bill Flores,Jeff Denham,Jon Runyan,Dan Benishek,Tim Huelskamp,Mike Coffman,Brad R. Wenstrup,Paul Cook,Jackie Walorski,David W. Jolly,Michael H. Michaud,Corrine Brown,Mark Takano,Julia Brownley,Dina Titus,Ann Kirkpatrick,Raul Ruiz,Gloria Negrete McLeod,Ann M. Kuster,Beto O'Rourke,Timothy J. Walz,,,,,,,,,,,,,,,,,,,,,,,,,,,,,,,,,,,,,
VR09,Jon Runyan,Doug Lamborn,Gus M. Bilirakis,Paul Cook,Dina Titus,Beto O'Rourke,Raul Ruiz,Gloria Negrete McLeod,,,,,,,,,,,,,,,,,,,,,,,,,,,,,,,,,,,,,,,,,,,,,,,,,,,,,,
VR10,Bill Flores,Jon Runyan,Mike Coffman,Paul Cook,Brad R. Wenstrup,Mark Takano,Julia Brownley,Dina Titus,Ann Kirkpatrick,,,,,,,,,,,,,,,,,,,,,,,,,,,,,,,,,,,,,,,,,,,,,,,,,,,,,
VR03,Dan Benishek,David P. Roe,Jeff Denham,Tim Huelskamp,Jackie Walorski,Brad R. Wenstrup,Julia Brownley,Corrine Brown,Raul Ruiz,Gloria Negrete McLeod,Ann M. Kuster,,,,,,,,,,,,,,,,,,,,,,,,,,,,,,,,,,,,,,,,,,,,,,,,,,,
VR08,Mike Coffman,Doug Lamborn,David P. Roe,Tim Huelskamp,Dan Benishek,Jackie Walorski,Ann Kirkpatrick,Mark Takano,Ann M. Kuster,Beto O'Rourke,Timothy J. Walz,,,,,,,,,,,,,,,,,,,,,,,,,,,,,,,,,,,,,,,,,,,,,,,,,,,
WM00,Dave Camp,Sam Johnson,Kevin Brady,Paul Ryan,Devin Nunes,Patrick J. Tiberi,David G. Reichert,"Charles W. Boustany,  Jr.",Peter J. Roskam,Jim Gerlach,Tom Price,Vern Buchanan,Adrian Smith,Aaron Schock,Lynn Jenkins,Erik Paulsen,Kenny Marchant,Diane Black,Tom Reed,Todd C. Young,Mike Kelly,Tim Griffin,James B. Renacci,Sander M. Levin,Charles B. Rangel,Jim McDermott,John Lewis,Richard E. Neal,Xavier Becerra,Lloyd Doggett,Mike Thompson,John B. Larson,Earl Blumenauer,Ron Kind,"Bill Pascrell,  Jr.",Joseph Crowley,Allyson Y. Schwartz,Danny K. Davis,Linda T. Senchez,,,,,,,,,,,,,,,,,,,,,,,
WM02,Kevin Brady,Sam Johnson,Paul Ryan,Devin Nunes,Peter J. Roskam,Jim Gerlach,Tom Price,Vern Buchanan,Adrian Smith,Jim McDermott,Mike Thompson,Ron Kind,Earl Blumenauer,"Bill Pascrell,  Jr.",,,,,,,,,,,,,,,,,,,,,,,,,,,,,,,,,,,,,,,,,,,,,,,,
WM03,David G. Reichert,Todd C. Young,Mike Kelly,Tim Griffin,James B. Renacci,Tom Reed,"Charles W. Boustany,  Jr.",Lloyd Doggett,John Lewis,Joseph Crowley,Danny K. Davis,,,,,,,,,,,,,,,,,,,,,,,,,,,,,,,,,,,,,,,,,,,,,,,,,,,
WM06,"Charles W. Boustany,  Jr.",Diane Black,Lynn Jenkins,Kenny Marchant,Tom Reed,Erik Paulsen,Mike Kelly,John Lewis,Joseph Crowley,Danny K. Davis,Linda T. Senchez,,,,,,,,,,,,,,,,,,,,,,,,,,,,,,,,,,,,,,,,,,,,,,,,,,,
WM05,Patrick J. Tiberi,Erik Paulsen,Kenny Marchant,Jim Gerlach,Aaron Schock,Tom Reed,Todd C. Young,Richard E. Neal,John B. Larson,Allyson Y. Schwartz,Linda T. Senchez,,,,,,,,,,,,,,,,,,,,,,,,,,,,,,,,,,,,,,,,,,,,,,,,,,,
WM01,Sam Johnson,Patrick J. Tiberi,Tim Griffin,James B. Renacci,Aaron Schock,Mike Kelly,Kevin Brady,Xavier Becerra,Lloyd Doggett,Mike Thompson,Allyson Y. Schwartz,,,,,,,,,,,,,,,,,,,,,,,,,,,,,,,,,,,,,,,,,,,,,,,,,,,
WM04,Devin Nunes,Kevin Brady,David G. Reichert,Vern Buchanan,Adrian Smith,Aaron Schock,Lynn Jenkins,"Charles W. Boustany,  Jr.",Peter J. Roskam,Charles B. Rangel,Richard E. Neal,John B. Larson,Earl Blumenauer,Ron Kind,,,,,,,,,,,,,,,,,,,,,,,,,,,,,,,,,,,,,,,,,,,,,,,,
IG00,Mike Rogers,Mac Thornberry,Jeff Miller,K. Michael Conaway,Peter T. King,Frank A. LoBiondo,Devin Nunes,Lynn A. Westmoreland,Michele Bachmann,Thomas J. Rooney,Joseph J. Heck,Mike Pompeo,C. A. Dutch Ruppersberger,Mike Thompson,Janice D. Schakowsky,James R. Langevin,Adam B. Schiff,Luis V. Gutierrez,Ed Pastor,James A. Himes,Terri A. Sewell,,,,,,,,,,,,,,,,,,,,,,,,,,,,,,,,,,,,,,,,,
IG08,K. Michael Conaway,Peter T. King,Frank A. LoBiondo,Thomas J. Rooney,Devin Nunes,Mike Thompson,Luis V. Gutierrez,James A. Himes,,,,,,,,,,,,,,,,,,,,,,,,,,,,,,,,,,,,,,,,,,,,,,,,,,,,,,
IG05,Joseph J. Heck,Mac Thornberry,Frank A. LoBiondo,Michele Bachmann,Mike Pompeo,Adam B. Schiff,James R. Langevin,Terri A. Sewell,,,,,,,,,,,,,,,,,,,,,,,,,,,,,,,,,,,,,,,,,,,,,,,,,,,,,,
IG09,Lynn A. Westmoreland,Jeff Miller,Michele Bachmann,Thomas J. Rooney,Mike Pompeo,Janice D. Schakowsky,Ed Pastor,James A. Himes,,,,,,,,,,,,,,,,,,,,,,,,,,,,,,,,,,,,,,,,,,,,,,,,,,,,,,
ZI00,Trey Gowdy,Lynn A. Westmoreland,Jim Jordan,Peter J. Roskam,Mike Pompeo,Martha Roby,Susan W. Brooks,Elijah E. Cummings,Adam Smith,Adam B. Schiff,Linda T. Senchez,Tammy Duckworth,,,,,,,,,,,,,,,,,,,,,,,,,,,,,,,,,,,,,,,,,,,,,,,,,,
